{"method": "partial-opw", "train_size": 150, "test_size": 150, "time_series_length": 15, "sample": {"_type": "image-file", "sha256": "05598af0f877ef9e55400fa09e471f14302a466e5423f87f59e35e826ffb7b26", "size": 35052, "path": "media/images/sample_0_05598af0f877ef9e5540.png", "format": "png", "width": 640, "height": 480}, "_timestamp": 1671684146.3336067, "_runtime": 8.117819786071777, "_step": 0, "_wandb": {"runtime": 9}}