{"method": "partial-opw", "train_size": 20, "test_size": 601, "time_series_length": 70, "sample": {"_type": "image-file", "sha256": "3e4276fb98110638a103e8335239793f051032d4d5c19ccfb5c55ff5240bf319", "size": 33375, "path": "media/images/sample_0_3e4276fb98110638a103.png", "format": "png", "width": 640, "height": 480}, "_timestamp": 1671685270.5166948, "_runtime": 7.007433891296387, "_step": 0, "accuracy": 0.6905158069883528, "cost_time": 101.63072490692139, "_wandb": {"runtime": 109}}