{"method": "partial-opw", "train_size": 67, "test_size": 1029, "time_series_length": 24, "sample": {"_type": "image-file", "sha256": "6a0ab800949da2cfdc20a089296d51a25cba14e9e81e7284a049b656fe8aeca4", "size": 26321, "path": "media/images/sample_0_6a0ab800949da2cfdc20.png", "format": "png", "width": 640, "height": 480}, "_timestamp": 1671694271.3130896, "_runtime": 6.533324718475342, "_step": 0, "accuracy": 0.9076773566569485, "cost_time": 479.27468490600586, "_wandb": {"runtime": 487}}