{"method": "partial-opw", "train_size": 28, "test_size": 28, "time_series_length": 286, "sample": {"_type": "image-file", "sha256": "46ea0dd90ab59d547df8a4b91affe52e2ee8e0ddffdb775d247b1463d7261bd2", "size": 36237, "path": "media/images/sample_0_46ea0dd90ab59d547df8.png", "format": "png", "width": 640, "height": 480}, "_timestamp": 1672108828.6784756, "_runtime": 8.466648578643799, "_step": 0, "accuracy": 0.9285714285714286, "cost_time": 66.80766439437866, "_wandb": {"runtime": 77}}