{"method": "partial-opw", "train_size": 20, "test_size": 20, "time_series_length": 512, "sample": {"_type": "image-file", "sha256": "d1d6fbb88914690525fa1374f37c9cfffc13b991f5f97ff4dd83bbdfb5c2ef6b", "size": 42094, "path": "media/images/sample_0_d1d6fbb88914690525fa.png", "format": "png", "width": 640, "height": 480}, "_timestamp": 1672115580.9644194, "_runtime": 11.93492841720581, "_step": 0, "accuracy": 0.75, "cost_time": 96.80310297012329, "_wandb": {"runtime": 104}}