{"method": "partial-opw", "train_size": 64, "test_size": 64, "time_series_length": 512, "sample": {"_type": "image-file", "sha256": "36915a6001d688cfc88ab6f9a85e23910087ee015c21835537e3a3d11441a3ce", "size": 35601, "path": "media/images/sample_0_36915a6001d688cfc88a.png", "format": "png", "width": 640, "height": 480}, "_timestamp": 1672114310.9501343, "_runtime": 11.011449337005615, "_step": 0, "accuracy": 0.546875, "cost_time": 943.0827009677887, "_wandb": {"runtime": 951}}