{"method": "partial-opw", "train_size": 28, "test_size": 28, "time_series_length": 286, "sample": {"_type": "image-file", "sha256": "46ea0dd90ab59d547df8a4b91affe52e2ee8e0ddffdb775d247b1463d7261bd2", "size": 36237, "path": "media/images/sample_0_46ea0dd90ab59d547df8.png", "format": "png", "width": 640, "height": 480}, "_timestamp": 1671694928.366692, "_runtime": 6.707142114639282, "_step": 0, "accuracy": 0.8928571428571429, "cost_time": 65.77364587783813, "_wandb": {"runtime": 73}}