{"method": "partial-opw", "train_size": 18, "test_size": 186, "time_series_length": 201, "sample": {"_type": "image-file", "sha256": "87ad363c455ef6a6b28592feca2fb160dee722f64f4958f21d22a60cb465bcdb", "size": 35559, "path": "media/images/sample_0_87ad363c455ef6a6b285.png", "format": "png", "width": 640, "height": 480}, "_timestamp": 1672109211.3676624, "_runtime": 10.201032400131226, "_step": 0, "accuracy": 0.0, "cost_time": 111.61730480194092, "_wandb": {"runtime": 122}}