{"method": "partial-opw", "train_size": 28, "test_size": 28, "time_series_length": 286, "sample": {"_type": "image-file", "sha256": "2a8043e2ff1dae4146b910bc2f083b6f7fac51c316812d062b04b9009d5b2588", "size": 29922, "path": "media/images/sample_0_2a8043e2ff1dae4146b9.png", "format": "png", "width": 640, "height": 480}, "_timestamp": 1671685391.7020757, "_runtime": 6.778433799743652, "_step": 0, "accuracy": 0.9642857142857143, "cost_time": 55.75170278549194, "_wandb": {"runtime": 63}}