{"method": "partial-opw", "train_size": 105, "test_size": 105, "time_series_length": 144, "sample": {"_type": "image-file", "sha256": "3e6a3f34f1fab3e9d172ea5aa1dae38f5ff7ca18c822aa47d10b1708d54c2585", "size": 32694, "path": "media/images/sample_0_3e6a3f34f1fab3e9d172.png", "format": "png", "width": 640, "height": 480}, "_timestamp": 1671685998.004673, "_runtime": 6.182378053665161, "_step": 0, "accuracy": 0.9619047619047619, "cost_time": 228.64626812934875, "_wandb": {"runtime": 236}}