{"method": "partial-opw", "train_size": 150, "test_size": 150, "time_series_length": 15, "sample": {"_type": "image-file", "sha256": "4dbd7dd9fa56a97f60892b68cd9dd8f80b54fbf4306522f8f44b277cadcc7e23", "size": 30504, "path": "media/images/sample_0_4dbd7dd9fa56a97f6089.png", "format": "png", "width": 640, "height": 480}, "_timestamp": 1672108148.2038736, "_runtime": 6.7670135498046875, "_step": 0, "accuracy": 0.8333333333333334, "cost_time": 42.9959659576416, "_wandb": {"runtime": 51}}