{"method": "partial-opw", "train_size": 27, "test_size": 953, "time_series_length": 65, "sample": {"_type": "image-file", "sha256": "d338722ab79164ce6b8a38cb332948296e9e37b6502eb18f40109d6000e23d13", "size": 33356, "path": "media/images/sample_0_d338722ab79164ce6b8a.png", "format": "png", "width": 640, "height": 480}, "_timestamp": 1671695016.2878723, "_runtime": 6.951740264892578, "_step": 0, "accuracy": 0.8016789087093389, "cost_time": 286.01420426368713, "_wandb": {"runtime": 294}}