{"method": "partial-opw", "train_size": 67, "test_size": 1029, "time_series_length": 24, "sample": {"_type": "image-file", "sha256": "6a0ab800949da2cfdc20a089296d51a25cba14e9e81e7284a049b656fe8aeca4", "size": 26321, "path": "media/images/sample_0_6a0ab800949da2cfdc20.png", "format": "png", "width": 640, "height": 480}, "_timestamp": 1672108209.1144335, "_runtime": 6.263609409332275, "_step": 0, "accuracy": 0.8969873663751214, "cost_time": 432.85064673423767, "_wandb": {"runtime": 440}}