{"method": "partial-opw", "train_size": 24, "test_size": 88, "time_series_length": 350, "sample": {"_type": "image-file", "sha256": "32fed6b116c0e247f45b6a574a6e87735cfae02f013b327936a932c8f9cdbd58", "size": 41733, "path": "media/images/sample_0_32fed6b116c0e247f45b.png", "format": "png", "width": 640, "height": 480}, "_timestamp": 1672110184.4274578, "_runtime": 6.1853718757629395, "_step": 0, "accuracy": 0.8295454545454546, "cost_time": 247.67918133735657, "_wandb": {"runtime": 255}}