{"method": "partial-opw", "train_size": 50, "test_size": 150, "time_series_length": 150, "sample": {"_type": "image-file", "sha256": "228c83e21b2aa9d8278bc5314f7bb8f50ad7bb685cdac7321ee63254886378b0", "size": 28499, "path": "media/images/sample_0_228c83e21b2aa9d8278b.png", "format": "png", "width": 640, "height": 480}, "_timestamp": 1671685822.254061, "_runtime": 6.576448917388916, "_step": 0, "accuracy": 0.9266666666666666, "cost_time": 158.5547800064087, "_wandb": {"runtime": 166}}