{"method": "partial-opw", "train_size": 18, "test_size": 186, "time_series_length": 201, "sample": {"_type": "image-file", "sha256": "4a0fadc24c1a4a17a200ae0239a9fc4d487294d211da231b284470f5ed3d7f32", "size": 27844, "path": "media/images/sample_0_4a0fadc24c1a4a17a200.png", "format": "png", "width": 640, "height": 480}, "_timestamp": 1671685683.3805106, "_runtime": 6.556877613067627, "_step": 0, "accuracy": 0.0, "cost_time": 121.54973292350769, "_wandb": {"runtime": 129}}