{"method": "partial-opw", "train_size": 20, "test_size": 1252, "time_series_length": 84, "sample": {"_type": "image-file", "sha256": "feca3c8ac0bf11bba3a8f1d58a622874bb7794b3c9293d88f19ab6895273c24c", "size": 30386, "path": "media/images/sample_0_feca3c8ac0bf11bba3a8.png", "format": "png", "width": 640, "height": 480}, "_timestamp": 1672109842.061759, "_runtime": 6.314899921417236, "_step": 0, "accuracy": 0.8394568690095847, "cost_time": 325.60344886779785, "_wandb": {"runtime": 333}}