{"method": "partial-opw", "train_size": 400, "test_size": 139, "time_series_length": 80, "sample": {"_type": "image-file", "sha256": "549680c5007e9ccf9bd2a346b9b4b009f4bd5887f33a0f4ec9d282392f177894", "size": 32564, "path": "media/images/sample_0_549680c5007e9ccf9bd2.png", "format": "png", "width": 640, "height": 480}, "_timestamp": 1672110726.34207, "_runtime": 6.054847002029419, "_step": 0, "accuracy": 0.5539568345323741, "cost_time": 760.9268698692322, "_wandb": {"runtime": 768}}