{"method": "partial-opw", "train_size": 20, "test_size": 343, "time_series_length": 24, "sample": {"_type": "image-file", "sha256": "0f0bce2d21b905a78c54b7728915bc51b45c16a537b871e3d347b57c17f026e0", "size": 28248, "path": "media/images/sample_0_0f0bce2d21b905a78c54.png", "format": "png", "width": 640, "height": 480}, "_timestamp": 1671684123.0193396, "_runtime": 7.849479675292969, "_step": 0, "_wandb": {"runtime": 9}}