{"method": "partial-opw", "train_size": 36, "test_size": 130, "time_series_length": 343, "sample": {"_type": "image-file", "sha256": "3dd654002567d86b94eb72edf81423db158e9896f2aafdc83fb67d9ca6e8ee20", "size": 39519, "path": "media/images/sample_0_3dd654002567d86b94eb.png", "format": "png", "width": 640, "height": 480}, "_timestamp": 1672111508.9460595, "_runtime": 7.311571359634399, "_step": 0, "accuracy": 0.8307692307692308, "cost_time": 579.9742395877838, "_wandb": {"runtime": 588}}