{"method": "partial-opw", "train_size": 30, "test_size": 30, "time_series_length": 570, "sample": {"_type": "image-file", "sha256": "3c7da9a13f6864b74931e88111487df5809f60106e42a98606ddacb5c5a95ca4", "size": 33167, "path": "media/images/sample_0_3c7da9a13f6864b74931.png", "format": "png", "width": 640, "height": 480}, "_timestamp": 1672110450.0925162, "_runtime": 6.710439205169678, "_step": 0, "accuracy": 0.4666666666666667, "cost_time": 259.6712965965271, "_wandb": {"runtime": 267}}