{"method": "partial-opw", "train_size": 20, "test_size": 601, "time_series_length": 70, "sample": {"_type": "image-file", "sha256": "931239004c2db3281a7d6816da452278400e31a403787b798043f53b6fe97e8a", "size": 31651, "path": "media/images/sample_0_931239004c2db3281a7d.png", "format": "png", "width": 640, "height": 480}, "_timestamp": 1671694768.8946855, "_runtime": 6.442953586578369, "_step": 0, "accuracy": 0.7603993344425957, "cost_time": 139.67260003089905, "_wandb": {"runtime": 147}}