{"method": "partial-opw", "train_size": 27, "test_size": 953, "time_series_length": 65, "sample": {"_type": "image-file", "sha256": "fe7a5d08d99c51962d20bfbba2a3c1cbe5f1979545022c2a117795b317d98dd4", "size": 39511, "path": "media/images/sample_0_fe7a5d08d99c51962d20.png", "format": "png", "width": 640, "height": 480}, "_timestamp": 1671685467.1739938, "_runtime": 6.5987389087677, "_step": 0, "accuracy": 0.8310598111227702, "cost_time": 197.6228928565979, "_wandb": {"runtime": 205}}