{"method": "partial-opw", "train_size": 150, "test_size": 150, "time_series_length": 15, "sample": {"_type": "image-file", "sha256": "4dbd7dd9fa56a97f60892b68cd9dd8f80b54fbf4306522f8f44b277cadcc7e23", "size": 30504, "path": "media/images/sample_0_4dbd7dd9fa56a97f6089.png", "format": "png", "width": 640, "height": 480}, "_timestamp": 1671694196.6374016, "_runtime": 6.186267614364624, "_step": 0, "accuracy": 0.8, "cost_time": 54.034260511398315, "_wandb": {"runtime": 61}}