{"method": "partial-opw", "train_size": 20, "test_size": 20, "time_series_length": 512, "sample": {"_type": "image-file", "sha256": "f3228dd566b2137874d274747452d3b5192ee80cc29a05561f9d68ed60d9db1b", "size": 34290, "path": "media/images/sample_0_f3228dd566b2137874d2.png", "format": "png", "width": 640, "height": 480}, "_timestamp": 1672115701.8555627, "_runtime": 12.123320579528809, "_step": 0, "accuracy": 0.65, "cost_time": 95.5562207698822, "_wandb": {"runtime": 103}}