{"method": "partial-opw", "train_size": 20, "test_size": 343, "time_series_length": 24, "sample": {"_type": "image-file", "sha256": "0f0bce2d21b905a78c54b7728915bc51b45c16a537b871e3d347b57c17f026e0", "size": 28248, "path": "media/images/sample_0_0f0bce2d21b905a78c54.png", "format": "png", "width": 640, "height": 480}, "_timestamp": 1671684463.7320454, "_runtime": 3.815762519836426, "_step": 0, "accuracy": 0.3323615160349854, "cost_time": 9.197195768356323, "_wandb": {"runtime": 14}}