{"method": "partial-opw", "train_size": 36, "test_size": 130, "time_series_length": 343, "sample": {"_type": "image-file", "sha256": "3dd654002567d86b94eb72edf81423db158e9896f2aafdc83fb67d9ca6e8ee20", "size": 39519, "path": "media/images/sample_0_3dd654002567d86b94eb.png", "format": "png", "width": 640, "height": 480}, "_timestamp": 1671697693.6725092, "_runtime": 6.475192308425903, "_step": 0, "accuracy": 0.8615384615384616, "cost_time": 526.210556268692, "_wandb": {"runtime": 534}}