{"method": "partial-opw", "train_size": 20, "test_size": 343, "time_series_length": 24, "sample": {"_type": "image-file", "sha256": "e703e910f942c0b821c24dc1a24d2ca30bc653d506104bbe8918496fff0de878", "size": 26104, "path": "media/images/sample_0_e703e910f942c0b821c2.png", "format": "png", "width": 640, "height": 480}, "_timestamp": 1672108121.6499968, "_runtime": 6.355418682098389, "_step": 0, "accuracy": 0.29737609329446063, "cost_time": 8.798224687576294, "_wandb": {"runtime": 16}}