{"method": "partial-opw", "train_size": 105, "test_size": 105, "time_series_length": 144, "sample": {"_type": "image-file", "sha256": "c57fb314e1fdc337e67719d71b4a390876ec2e84e9b2713c4dd6d91957b23c3e", "size": 33349, "path": "media/images/sample_0_c57fb314e1fdc337e677.png", "format": "png", "width": 640, "height": 480}, "_timestamp": 1671695700.8322873, "_runtime": 6.483975410461426, "_step": 0, "accuracy": 0.9714285714285714, "cost_time": 289.69413566589355, "_wandb": {"runtime": 297}}