{"method": "partial-opw", "train_size": 20, "test_size": 343, "time_series_length": 24, "sample": {"_type": "image-file", "sha256": "e703e910f942c0b821c24dc1a24d2ca30bc653d506104bbe8918496fff0de878", "size": 26104, "path": "media/images/sample_0_e703e910f942c0b821c2.png", "format": "png", "width": 640, "height": 480}, "_timestamp": 1671694171.036973, "_runtime": 6.6455979347229, "_step": 0, "accuracy": 0.7317784256559767, "cost_time": 8.254932880401611, "_wandb": {"runtime": 17}}