{"method": "partial-opw", "train_size": 600, "test_size": 276, "time_series_length": 80, "sample": {"_type": "image-file", "sha256": "3ae2484dff28abaf9805f88e81d7a4044df199a145c1cabc19b954fe6d3b4794", "size": 34493, "path": "media/images/sample_0_3ae2484dff28abaf9805.png", "format": "png", "width": 640, "height": 480}, "_timestamp": 1672112107.3242755, "_runtime": 6.551058530807495, "_step": 0, "accuracy": 0.6594202898550725, "cost_time": 2177.54688167572, "_wandb": {"runtime": 2185}}