{"method": "partial-opw", "train_size": 50, "test_size": 150, "time_series_length": 150, "sample": {"_type": "image-file", "sha256": "c0e20ef1efa0b93495b81c3d34b90a4ba8da64785fd42517122f99783fc6b68f", "size": 28595, "path": "media/images/sample_0_c0e20ef1efa0b93495b8.png", "format": "png", "width": 640, "height": 480}, "_timestamp": 1671695468.9713595, "_runtime": 7.232800483703613, "_step": 0, "accuracy": 0.84, "cost_time": 212.6609330177307, "_wandb": {"runtime": 220}}