{"method": "partial-opw", "train_size": 100, "test_size": 100, "time_series_length": 96, "sample": {"_type": "image-file", "sha256": "e982989710a892982c0c2d6c7b90009d8ee46b7f3c9452f7bdda64efed2ca42c", "size": 32139, "path": "media/images/sample_0_e982989710a892982c0c.png", "format": "png", "width": 640, "height": 480}, "_timestamp": 1672115405.2563298, "_runtime": 11.506821870803833, "_step": 0, "accuracy": 0.86, "cost_time": 151.1130268573761, "_wandb": {"runtime": 158}}