{"method": "partial-opw", "train_size": 27, "test_size": 953, "time_series_length": 65, "sample": {"_type": "image-file", "sha256": "d338722ab79164ce6b8a38cb332948296e9e37b6502eb18f40109d6000e23d13", "size": 33356, "path": "media/images/sample_0_d338722ab79164ce6b8a.png", "format": "png", "width": 640, "height": 480}, "_timestamp": 1672108916.225251, "_runtime": 6.702301979064941, "_step": 0, "accuracy": 0.8048268625393494, "cost_time": 271.7785210609436, "_wandb": {"runtime": 280}}