{"method": "partial-opw", "train_size": 18, "test_size": 186, "time_series_length": 201, "sample": {"_type": "image-file", "sha256": "87ad363c455ef6a6b28592feca2fb160dee722f64f4958f21d22a60cb465bcdb", "size": 35559, "path": "media/images/sample_0_87ad363c455ef6a6b285.png", "format": "png", "width": 640, "height": 480}, "_timestamp": 1671695322.3637712, "_runtime": 6.826351165771484, "_step": 0, "accuracy": 0.010752688172043012, "cost_time": 125.5840699672699, "_wandb": {"runtime": 134}}