{"method": "partial-opw", "train_size": 67, "test_size": 1029, "time_series_length": 24, "sample": {"_type": "image-file", "sha256": "2beb6ef42e1e3f81cae5f752d2b2d3ff8af41d78e933274adf8b576144162107", "size": 27995, "path": "media/images/sample_0_2beb6ef42e1e3f81cae5.png", "format": "png", "width": 640, "height": 480}, "_timestamp": 1671685045.3970923, "_runtime": 8.414833307266235, "_step": 0, "accuracy": 0.9543245869776482, "cost_time": 201.31410908699036, "_wandb": {"runtime": 211}}