{"method": "partial-opw", "train_size": 30, "test_size": 150, "time_series_length": 128, "sample": {"_type": "image-file", "sha256": "786b9a2ec5d0b00a24f506e432ad0b4cce9b180d68e029a5614a3f31b879ba69", "size": 27954, "path": "media/images/sample_0_786b9a2ec5d0b00a24f5.png", "format": "png", "width": 640, "height": 480}, "_timestamp": 1672115283.6481137, "_runtime": 12.07017970085144, "_step": 0, "accuracy": 0.7733333333333333, "cost_time": 95.45424365997314, "_wandb": {"runtime": 108}}